{"basic_identity": {"dataset_id": "System Generated - Will be generated by the system and should be unique for each dataset.", "title": "4th Test", "author": {"name": "Mandatory - Name of the individual or organization responsible for the dataset.", "organization": "Optional - Name of the organization associated with the author, if applicable."}, "description": "Mandatory - A detailed description of the dataset and its contents.", "version": "Optional - Version of the dataset, if applicable.", "creation_date": "Mandatory - Date when the dataset was created in the format YYYY-MM-DD.", "last_updated": "Optional - Date when the dataset was last updated in the format YYYY-MM-DD.", "keywords": "panda, mouse, falcon"}, "related_publication": "Optional - Any papers related to the dataset's creation or use", "usage": {"license": "Mandatory - Type of license under which the dataset is distributed.", "format": "Mandatory - FASTA", "size": "Mandatory - Size of the dataset, typically in MB or GB."}, "document": {"download_url": "Mandatory - URL where the dataset can be downloaded.", "documentation_url": "Optional - URL to the dataset documentation or user guide."}, "format_details": {"csv": {"number_of_rows": "Mandatory - Total number of rows in the CSV file", "number_of_columns": "Mandatory - Total number of columns in the CSV file", "columns": [{"header": "Mandatory - Name of the column", "description": "Mandatory - Description of the data each column holds", "type": "Mandatory - Data type of the column (integer, string, date, etc.)"}]}, "image": {"number_of_images": "Mandatory - Total number of images in the dataset.", "resolution": "Optional - Resolution of the images (e.g., 1920x1080).", "image_format": "Optional - File format of the images (e.g., JPEG, PNG)."}, "video": {"number_of_videos": "Mandatory - Total number of videos in the dataset.", "average_length": "Optional - Average length of the videos (in minutes or seconds).", "video_format": "Optional - File format of the videos (e.g., MP4, AVI).", "resolution": "Optional - Resolution of the videos (e.g., 1920x1080)."}, "audio": {"number_of_audio_files": "Mandatory - Total number of audio files in the dataset.", "average_length": "Optional - Average length of the audio files (in minutes or seconds).", "audio_format": "Optional - File format of the audio files (e.g., MP3, WAV)."}, "fasta": {"number_of_files": "Mandatory - Total number of FASTA files", "source_organisms": "Mandatory - List of source organisms or taxonomic identifiers", "type_of_sequences": "Mandatory - Types of sequences, e.g., DNA, RNA, protein", "sequence_length_range": "Mandatory - Range of sequence lengths, from shortest to longest"}, "genbank": {"number_of_files": "Mandatory - Total number of GenBank files", "locus": "Mandatory - A brief summary including sequence length, molecule type, shape, and the date of the entry's creation or last modification", "definition": "Mandatory - A concise description of the sequence", "accession": "Mandatory - The primary accession number that identifies the sequence", "source": "Mandatory - The biological source of the sequence", "organism": "Mandatory - The taxonomic hierarchical classification of the source organism"}, "bam": {"number_of_files": "Mandatory - Total number of BAM files", "aligned_sequences": "Mandatory - Number of aligned sequences within the BAM files", "coverage_depth": "Mandatory - Average coverage depth across the BAM files", "reference_genome": "Mandatory - Reference genome used for alignment"}}, "related_datasets": {"comment": "This section can include references to datasets that are related or derived from the current dataset.", "related_dataset_ids": ["Optional - Identifier of related datasets."]}, "usage_examples": {"comment": "This section can be used to give examples of how the dataset has been or can be used.", "description": "Optional - Brief description of a usage example.", "example_url": "Optional - URL to more detailed information or code example."}, "citation": {"comment": "If there is a recommended way to cite the dataset, include it here.", "citation_text": "Optional - Recommended citation for the dataset."}, "folder_structure": {"CSGOCaseStatsViewer-1.1.1-jar-with-dependencies.jar": "CSGOCaseStatsViewer-1.1.1/CSGOCaseStatsViewer-1.1.1-jar-with-dependencies.jar", "execute.bat": "CSGOCaseStatsViewer-1.1.1/execute.bat", "Readme.md": "CSGOCaseStatsViewer-1.1.1/Readme.md", "ResultViewer.html": "CSGOCaseStatsViewer-1.1.1/ResultViewer.html", "result_03_03_2024_20_00.txt": "CSGOCaseStatsViewer-1.1.1/result_03_03_2024_20_00.txt", "result_03_03_2024_20_06.txt": "CSGOCaseStatsViewer-1.1.1/result_03_03_2024_20_06.txt", "1510939020.dump": "CSGOCaseStatsViewer-1.1.1/dumps/1510939020.dump", "1513159346.dump": "CSGOCaseStatsViewer-1.1.1/dumps/1513159346.dump", "1514385587.dump": "CSGOCaseStatsViewer-1.1.1/dumps/1514385587.dump", "1516431683.dump": "CSGOCaseStatsViewer-1.1.1/dumps/1516431683.dump", "1521460099.dump": "CSGOCaseStatsViewer-1.1.1/dumps/1521460099.dump", "1532355563.dump": "CSGOCaseStatsViewer-1.1.1/dumps/1532355563.dump", "1533560834.dump": "CSGOCaseStatsViewer-1.1.1/dumps/1533560834.dump", "1554991990.dump": "CSGOCaseStatsViewer-1.1.1/dumps/1554991990.dump", "1579527931.dump": "CSGOCaseStatsViewer-1.1.1/dumps/1579527931.dump", "1580134043.dump": "CSGOCaseStatsViewer-1.1.1/dumps/1580134043.dump", "1589353267.dump": "CSGOCaseStatsViewer-1.1.1/dumps/1589353267.dump", "1636740749.dump": "CSGOCaseStatsViewer-1.1.1/dumps/1636740749.dump", "1681798558.dump": "CSGOCaseStatsViewer-1.1.1/dumps/1681798558.dump"}}